<?xml version="1.0" encoding="utf-8"?>
<prefix name="mailbox" label="Mailbox" language_tag="en" language_label="English"><key name="add_button"><value>Send</value></key><key name="add_message"><value>New message has been added</value></key><key name="admin_config"><value>Mailbox - Plugin Settings</value></key><key name="and"><value>and</value></key><key name="attache_file_delete_button"><value>delete</value></key><key name="attachments"><value>Attachments</value></key><key name="attach_files"><value>Attach files</value></key><key name="auth_action_label_read_message"><value>Read incoming message</value></key><key name="auth_action_label_send_message"><value>Send Private Message</value></key><key name="auth_group_label"><value>Mailbox</value></key><key name="between"><value>between</value></key><key name="check_now_button"><value>Check now</value></key><key name="compose_message"><value>Compose Message</value></key><key name="conversation_box_info"><value>Showing {$showing} messages of {$total} total, {$new} new</value></key><key name="conversation_label"><value>Conversation</value></key><key name="conversation_meta_tilte"><value>{$conversation_title} - {$site_name}</value></key><key name="create_conversation_button"><value>Send Private Message</value></key><key name="create_conversation_fail_message"><value>Message NOT sent</value></key><key name="create_conversation_message"><value>Message sent</value></key><key name="delete_button"><value>Delete</value></key><key name="delete_confirm_message"><value>Are you sure you want to delete selected conversation(s)?</value></key><key name="delete_conversation_button"><value>Delete Conversation</value></key><key name="delete_conversation_link"><value>Delete</value></key><key name="delete_conversation_message"><value>Conversation has been deleted</value></key><key name="delete_message"><value>{$count} conversation(s) deleted</value></key><key name="email_notifications_comment"><value>New &lt;a href="{$conversationUrl}" &gt;message&lt;/a&gt; from &lt;a href="{$userUrl}"&gt;{$userName}&lt;/a&gt;</value></key><key name="email_notifications_new_message"><value>Someone sends me a new message</value></key><key name="email_notifications_section_label"><value>Mailbox</value></key><key name="enable_attachments"><value>Enable file attachments</value></key><key name="file_attachment_disabled"><value>File attachments disabled</value></key><key name="general_settings"><value>General Settings</value></key><key name="inbox_label"><value>Inbox</value></key><key name="inbox_meta_tilte"><value>My mailbox - {$site_name}</value></key><key name="keep_unread_button"><value>Keep Unread</value></key><key name="mailbox"><value>Mailbox</value></key><key name="mark_as_read_button"><value>Mark as Read</value></key><key name="mark_as_unread_button"><value>Mark as Unread</value></key><key name="mark_conversation_read_message"><value>Conversation has been marked as read</value></key><key name="mark_conversation_unread_message"><value>Conversation has been marked as unread</value></key><key name="mark_read_fail_message"><value>Failed to mark conversation as read</value></key><key name="mark_read_message"><value>{$count} conversation(s) marked as read</value></key><key name="mark_unread_fail_message"><value>Failed to mark conversation as unread</value></key><key name="mark_unread_message"><value>{$count} conversation(s) marked as unread</value></key><key name="mb"><value>Mb</value></key><key name="new_conversation_link"><value>new</value></key><key name="new_message_count_text"><value>You have {$count} new message(s)!</value></key><key name="notification_mail_subject"><value>New message from {$sendername}</value></key><key name="notification_mail_template_html"><value>Hello {$username},&lt;br/&gt;&#13;
&lt;br/&gt;&#13;
You have received a new message from {$sendername} on {$site_name}.&lt;br/&gt;&#13;
&lt;br/&gt;&#13;
Go to &lt;a href="{$replyUrl}"&gt;{$replyUrl}&lt;/a&gt; to reply to this message. &lt;br/&gt;&#13;
&lt;br/&gt;&#13;
Sincerely, {$site_name} administration</value></key><key name="notification_mail_template_text"><value>Hello {$username},&#13;
&#13;
You have received a new message from {$sendername} on {$site_name}.&#13;
&#13;
Go to {$replyUrl} to reply to this message. &#13;
&#13;
Sincerely, {$site_name} administration</value></key><key name="no_conversations"><value>No messages</value></key><key name="permission_denied"><value>Permission denied</value></key><key name="please_enter_captcha"><value>Before you continue sending messages let's make sure you are a human. Please confirm the security code below:</value></key><key name="please_enter_valid_value"><value>Please enter correct value according to the pattern  ##.##</value></key><key name="read_permission_denied"><value>You do not have enough permissions to read this message.</value></key><key name="selected_label"><value>Selected</value></key><key name="select_all_checkbox"><value>All</value></key><key name="send_button"><value>Send</value></key><key name="sent_button"><value>Sent</value></key><key name="sent_label"><value>Sent</value></key><key name="sent_message_form_label"><value>Compose reply</value></key><key name="sent_meta_tilte"><value>Sent messages - {$site_name}</value></key><key name="settings_updated"><value>Settings updated</value></key><key name="subject"><value>Subject</value></key><key name="text"><value>Text</value></key><key name="to"><value>To</value></key><key name="upload_file_cant_write_file_error"><value>Failed to write file to disk.</value></key><key name="upload_file_count_files_error"><value>Too many files uploaded!</value></key><key name="upload_file_delete_fail"><value>Delete file fail!</value></key><key name="upload_file_delete_success"><value>Delete file success!</value></key><key name="upload_file_extension_is_not_allowed"><value>The file extention is not allowed.</value></key><key name="upload_file_fail"><value>File upload fail!</value></key><key name="upload_file_file_partially_uploaded_error"><value>The uploaded file was only partially uploaded.</value></key><key name="upload_file_invalid_extention_error"><value>A PHP extension stopped the file upload. PHP does not provide a way to ascertain which extension caused the file upload to stop.</value></key><key name="upload_file_max_upload_filesize_error"><value>The uploaded file exceeds the max upload filesize.</value></key><key name="upload_file_name"><value>File {$file_name} :</value></key><key name="upload_file_not_found"><value>Upload file not found!</value></key><key name="upload_file_no_file_error"><value>No file was uploaded.</value></key><key name="upload_file_no_tmp_dir_error"><value>Missing a temporary folder.</value></key><key name="upload_max_file_size"><value>Max upload attachment size</value></key><key name="usercredits_action_send_message"><value>Send private message</value></key><key name="write_here"><value>You can write your reply here...</value></key><key name="write_permission_denied"><value>You do not have enough permissions to write  messages.</value></key><key name="you"><value>you</value></key></prefix>
