<?xml version="1.0" encoding="utf-8"?>
<prefix name="mailbox" label="Messages" language_tag="en" language_label="English"><key name="about_hour"><value>about an hour</value></key><key name="about_hours"><value>about %d hours</value></key><key name="about_minute"><value>about a minute</value></key><key name="about_month"><value>about a month</value></key><key name="about_year"><value>about a year</value></key><key name="actions"><value>Actions</value></key><key name="add_button"><value>Send</value></key><key name="add_message"><value>New message has been added</value></key><key name="admin_config"><value>Messages - Plugin Settings</value></key><key name="admin_settings_title"><value>Messages Settings</value></key><key name="ago"><value>ago</value></key><key name="and"><value>and</value></key><key name="api_read_the_message"><value>Read message (use credits)</value></key><key name="attache_file_delete_button"><value>delete</value></key><key name="attachment"><value>Attachment</value></key><key name="attachments"><value>Attachments</value></key><key name="attach_files"><value>Attach files</value></key><key name="auth_action_label_chat"><value>Allow chat</value></key><key name="auth_action_label_read_chat_message"><value>Read chat messages</value></key><key name="auth_action_label_read_message"><value>Read mails</value></key><key name="auth_action_label_read_message_alt"><value>Read messages</value></key><key name="auth_action_label_reply_to_chat_message"><value>Continue chat dialog</value></key><key name="auth_action_label_reply_to_message"><value>Continue mail dialog</value></key><key name="auth_action_label_reply_to_message_alt"><value>Continue dialog</value></key><key name="auth_action_label_send_chat_message"><value>Start chat dialog</value></key><key name="auth_action_label_send_message"><value>Start mail dialog</value></key><key name="auth_action_label_send_message_alt"><value>Start dialog</value></key><key name="auth_action_label_use_chat"><value>Use Chat</value></key><key name="auth_group_label"><value>Messages</value></key><key name="a_day"><value>a day</value></key><key name="between"><value>between</value></key><key name="bulk_delete_conversations_btn"><value>Delete</value></key><key name="bulk_mark_as_read_btn"><value>Mark as read</value></key><key name="bulk_mark_unread_btn"><value>Mark as unread</value></key><key name="bulk_options"><value>Bulk options</value></key><key name="can_not_display_entitytype_message"><value>Can not display "{$entityType}" message.</value></key><key name="change_privacy_settings"><value>Change your Messages privacy here</value></key><key name="chat"><value>Chat</value></key><key name="chat_message_empty"><value>Message text is empty</value></key><key name="chat_subject_prefix"><value>...</value></key><key name="check_all"><value>Check all</value></key><key name="check_now_button"><value>Check now</value></key><key name="click_to_read_messages"><value>Click here to read messages</value></key><key name="close_new_message_window_confirmation"><value>Do you want to close the new message box?</value></key><key name="compose_message"><value>Compose Message</value></key><key name="confirm_conversation_delete"><value>Are you sure?</value></key><key name="confirm_delete_im"><value>Are you sure you want to remove Messages?</value></key><key name="console_request_item"><value>&lt;div class="ow_console_mailbox_cont" target="_blank"&gt;&#13;
        &lt;div class="ow_console_mailbox_title"&gt;&lt;a target="_blank" href="{$userUrl}"&gt;{$displayName}&lt;/a&gt;&lt;/div&gt;&#13;
        &lt;div class="ow_console_mailbox_txt"&gt;&#13;
            {$text}&#13;
        &lt;/div&gt;&#13;
    &lt;/div&gt;</value></key><key name="conversations"><value>Conversations</value></key><key name="conversation_box_info"><value>Showing {$showing} messages of {$total} total, {$new} new</value></key><key name="conversation_empty"><value>You have not conversation yet</value></key><key name="conversation_item_list_empty"><value>Your conversation list is empty</value></key><key name="conversation_label"><value>Conversation</value></key><key name="conversation_meta_tilte"><value>{$conversation_title} - {$site_name}</value></key><key name="conversation_not_found"><value>Conversation not found</value></key><key name="create_conversation_button"><value>Send Private Message</value></key><key name="create_conversation_fail_message"><value>Message NOT sent</value></key><key name="create_conversation_message"><value>Message sent</value></key><key name="days"><value>%d days</value></key><key name="delete_button"><value>Delete</value></key><key name="delete_chat"><value>Delete chat</value></key><key name="delete_chat_desc"><value>Before uninstalling Messages plugin we have to remove all existing users' chat content. This may take awhile.</value></key><key name="delete_confirm_message"><value>Are you sure you want to delete selected conversation(s)?</value></key><key name="delete_content_warning"><value>Warning</value></key><key name="delete_conversation_button"><value>Delete Conversation</value></key><key name="delete_conversation_link"><value>Delete</value></key><key name="delete_conversation_message"><value>Conversation has been deleted</value></key><key name="delete_conversation_title"><value>Delete history</value></key><key name="delete_message"><value>{$count} conversation(s) deleted</value></key><key name="email_notifications_comment"><value>New &lt;a href="{$conversationUrl}" &gt;message&lt;/a&gt; from &lt;a href="{$userUrl}"&gt;{$userName}&lt;/a&gt;</value></key><key name="email_notifications_new_message"><value>Someone sends me a new message</value></key><key name="email_notifications_section_label"><value>Mailbox</value></key><key name="enable_attachments"><value>Enable file attachments</value></key><key name="enable_sound_label"><value>Enable sounds</value></key><key name="feedback_send_message_interval_exceed"><value>Mass-messaging is blocked. You need to wait for {$send_message_interval} seconds before sending a message again.</value></key><key name="file_attachment_disabled"><value>File attachments disabled</value></key><key name="find_contact"><value>Find Contact</value></key><key name="friends_online"><value>Online friends</value></key><key name="from_now"><value>from now</value></key><key name="general_settings"><value>General Settings</value></key><key name="general_settings_title"><value>General Settings</value></key><key name="inbox_label"><value>Inbox</value></key><key name="inbox_meta_tilte"><value>My mailbox - {$site_name}</value></key><key name="keep_unread_button"><value>Keep Unread</value></key><key name="label_btn_chat"><value>Chats</value></key><key name="label_btn_mail"><value>Mails</value></key><key name="label_btn_mailchat"><value>Mails + Chat</value></key><key name="label_btn_new_message"><value>New message</value></key><key name="label_invitation_conversation_search"><value>Search</value></key><key name="last_message_sent"><value>Last message sent</value></key><key name="less_than_minute"><value>less than a minute</value></key><key name="load_earlier"><value>Load Earlier Messages</value></key><key name="mailbox"><value>Mailbox</value></key><key name="mailbox_console_title"><value>Messages</value></key><key name="mail_subject_prefix"><value>Subject: </value></key><key name="mark_as_read_button"><value>Mark as Read</value></key><key name="mark_as_unread_button"><value>Mark as Unread</value></key><key name="mark_conversation_read_message"><value>Conversation has been marked as read</value></key><key name="mark_conversation_unread_message"><value>Conversation has been marked as unread</value></key><key name="mark_read_fail_message"><value>Failed to mark conversation as read</value></key><key name="mark_read_message"><value>{$count} conversation(s) marked as read</value></key><key name="mark_unread_conversation_title"><value>Mark as unread</value></key><key name="mark_unread_fail_message"><value>Failed to mark conversation as unread</value></key><key name="mark_unread_message"><value>{$count} conversation(s) marked as unread</value></key><key name="mb"><value>Mb</value></key><key name="messages_console_title"><value>Messages</value></key><key name="messages_email_notifications_new_chat_message"><value>Someone sends me a new chat message</value></key><key name="messages_email_notifications_new_message"><value>Someone sends me a new mail message</value></key><key name="messages_email_notifications_section_label"><value>Messages</value></key><key name="message_invitation"><value>Message</value></key><key name="message_too_long_error"><value>Ouch, that's a long text! Try to be a little more compact, under {$maxLength} symbols.</value></key><key name="message_was_not_authorized"><value>Message was not authorized</value></key><key name="minutes"><value>%d minutes</value></key><key name="months"><value>%d months</value></key><key name="msg_settings_saved"><value>Settings saved</value></key><key name="new_conversation_link"><value>new</value></key><key name="new_message"><value>*** New Message ***</value></key><key name="new_message_count"><value>{$count} new</value></key><key name="new_message_count_text"><value>You have {$count} new message(s)!</value></key><key name="new_message_title"><value>New message</value></key><key name="new_message_to"><value>New message to</value></key><key name="notification_mail_subject"><value>New message from {$sendername}</value></key><key name="notification_mail_template_html"><value>Hello {$username},&lt;br/&gt;&#13;
&lt;br/&gt;&#13;
You have received a new message from {$sendername} on {$site_name}.&lt;br/&gt;&#13;
&lt;br/&gt;&#13;
Go to &lt;a href="{$replyUrl}"&gt;{$replyUrl}&lt;/a&gt; to reply to this message. &lt;br/&gt;&#13;
&lt;br/&gt;&#13;
Sincerely, {$site_name} administration</value></key><key name="notification_mail_template_text"><value>Hello {$username},&#13;
&#13;
You have received a new message from {$sendername} on {$site_name}.&#13;
&#13;
Go to {$replyUrl} to reply to this message. &#13;
&#13;
Sincerely, {$site_name} administration</value></key><key name="no_contacts_online"><value>No friends online</value></key><key name="no_conversations"><value>No messages</value></key><key name="others_online"><value>Others</value></key><key name="page_heading_messages"><value>Messages</value></key><key name="page_title_uninstall"><value>Uninstall Messages plugin</value></key><key name="permission_denied"><value>Permission denied</value></key><key name="please_enter_captcha"><value>Before you continue sending messages let's make sure you are a human. Please confirm the security code below:</value></key><key name="please_enter_valid_value"><value>Value is incorrect or greater than server limit.</value></key><key name="plugin_configuration_notice"><value>The &lt;i&gt;Messages&lt;/i&gt; plugin is being installed. Time for completing the installation depends on the number of users and cron schedule. &lt;br /&gt;Installed so far: {$percents}%</value></key><key name="plugin_installation_notice"><value>The &lt;i&gt;Messages&lt;/i&gt; plugin is being installed. Time for completing the installation depends on the number of users and cron schedule. &lt;br /&gt;Installed so far: {$percents}%</value></key><key name="plugin_set_for_uninstall"><value>'Messages' plugin uninstall initiated.</value></key><key name="privacy_action_invite_to_chat"><value>Who can invite me to chat</value></key><key name="read_chat_message_permission_denied"><value>You do not have enough permissions to read this message.</value></key><key name="read_message_permission_denied"><value>You do not have enough permissions to read messages.</value></key><key name="read_permission_denied"><value>You do not have enough permissions to read this message.</value></key><key name="read_the_message"><value>Read the message</value></key><key name="recipient_is_required"><value>Recipient is not selected</value></key><key name="reply_to_chat_message_permission_denied"><value>You do not have enough permissions to reply.</value></key><key name="reply_to_chat_message_promoted"><value>Please subscribe or buy credits to reply to chat message</value></key><key name="reply_to_message_permission_denied"><value>You do not have enough permissions to reply to messages.</value></key><key name="reply_to_message_promoted"><value>Please subscribe or buy credits to reply to conversation</value></key><key name="save_btn"><value>Save settings</value></key><key name="selected_label"><value>Selected</value></key><key name="select_all_checkbox"><value>All</value></key><key name="send"><value>Send</value></key><key name="send_button"><value>Send</value></key><key name="send_chat_message"><value>Send message</value></key><key name="send_chat_message_permission_denied"><value>You do not have enough permissions to write  messages.</value></key><key name="send_chat_message_promoted"><value>Please subscribe or buy credits to send chat message</value></key><key name="send_message"><value>Send Message</value></key><key name="send_message_failed"><value>Failed to send message:</value></key><key name="send_message_permission_denied"><value>You do not have enough permissions to write  messages.</value></key><key name="send_message_promoted"><value>Please subscribe or buy credits to send messages</value></key><key name="sent_button"><value>Sent</value></key><key name="sent_label"><value>Sent</value></key><key name="sent_message_form_label"><value>Compose reply</value></key><key name="sent_meta_tilte"><value>Sent messages - {$site_name}</value></key><key name="settings"><value>Installation</value></key><key name="settings_desc_show_all_members"><value>Really bad idea for big sites</value></key><key name="settings_friends_only_label"><value>Friends Only Mode</value></key><key name="settings_label_active_mode_list"><value>Choose messages mode</value></key><key name="settings_label_send_message_interval"><value>Allow to send messages once in</value></key><key name="settings_label_send_message_interval_seconds"><value>seconds</value></key><key name="settings_label_show_all_members"><value>Show all members in chat userlist</value></key><key name="settings_saved"><value>Settings saved</value></key><key name="settings_updated"><value>Settings updated</value></key><key name="show_all_users"><value>Show all users</value></key><key name="show_online_only"><value>Show only online users</value></key><key name="silent_mode_off"><value>Silent mode: Off</value></key><key name="silent_mode_on"><value>Silent mode: On</value></key><key name="status_invisible_label"><value>Invisible for all</value></key><key name="subject"><value>Subject</value></key><key name="subject_is_required"><value>Subject is empty</value></key><key name="switch_to_chat_mode"><value>Open in chat</value></key><key name="text"><value>Text</value></key><key name="text_message_invitation"><value>Text Message</value></key><key name="to"><value>To</value></key><key name="uninstall_inprogress"><value>In progress</value></key><key name="uninstall_inprogress_desc"><value>The &lt;i&gt;Messages&lt;/i&gt; plugin is being uninstalled. Time for completing the uninstallation depends on the number of users and cron schedule. &lt;br /&gt;Uninstalled so far: {$percents}%</value></key><key name="upload_file_cant_write_file_error"><value>Failed to write file to disk.</value></key><key name="upload_file_count_files_error"><value>Too many files uploaded!</value></key><key name="upload_file_delete_fail"><value>Delete file fail!</value></key><key name="upload_file_delete_success"><value>Delete file success!</value></key><key name="upload_file_extension_is_not_allowed"><value>The file extention is not allowed.</value></key><key name="upload_file_fail"><value>File upload fail!</value></key><key name="upload_file_file_partially_uploaded_error"><value>The uploaded file was only partially uploaded.</value></key><key name="upload_file_invalid_extention_error"><value>A PHP extension stopped the file upload. PHP does not provide a way to ascertain which extension caused the file upload to stop.</value></key><key name="upload_file_max_upload_filesize_error"><value>The uploaded file exceeds the max upload filesize.</value></key><key name="upload_file_name"><value>File {$file_name} :</value></key><key name="upload_file_not_found"><value>Upload file not found!</value></key><key name="upload_file_no_file_error"><value>No file was uploaded.</value></key><key name="upload_file_no_tmp_dir_error"><value>Missing a temporary folder.</value></key><key name="upload_max_file_size"><value>Max upload attachment size</value></key><key name="usercredits_action_read_chat_message"><value>Read chat messages</value></key><key name="usercredits_action_read_message"><value>Read private message</value></key><key name="usercredits_action_reply_to_chat_message"><value>Continue chat dialog</value></key><key name="usercredits_action_reply_to_message"><value>Continue mail dialog</value></key><key name="usercredits_action_send_chat_message"><value>Start chat dialog</value></key><key name="usercredits_action_send_message"><value>Start mail dialog</value></key><key name="userlist"><value>User List</value></key><key name="user_is_deleted"><value>User you are trying to contact is deleted.</value></key><key name="user_is_not_approved"><value>User you are trying to contact is not approved.</value></key><key name="user_is_not_authorized_chat"><value>'{$username}' is not authorized to use chat</value></key><key name="user_is_not_authorized_read_messages"><value>User is not authorized to read messages</value></key><key name="user_is_not_verified"><value>User you are trying to contact is not verified.</value></key><key name="user_is_offline"><value>[username] has gone offline</value></key><key name="user_is_online"><value>[username] is now online</value></key><key name="user_is_suspended"><value>User you are trying to contact is suspended.</value></key><key name="user_is_unreachable"><value>User you are trying to contact is suspended.</value></key><key name="user_list_chat_offline"><value>Chat</value></key><key name="user_not_found"><value>User not found</value></key><key name="user_offline"><value>Offline</value></key><key name="user_settings_link"><value>Settings</value></key><key name="user_settings_submit_label"><value>Save settings</value></key><key name="user_settings_title"><value>Messages Settings</value></key><key name="user_went_offline"><value>{$displayname} went offline</value></key><key name="use_chat"><value>Use Chat</value></key><key name="use_chat_permission_denied"><value>You do not have enough permissions to use chat.</value></key><key name="view_all"><value>View All</value></key><key name="warning_user_privacy_friends_only"><value>{$displayname} only accepts chat requests from friends</value></key><key name="wink_conversation_subject"><value>Wink</value></key><key name="write_here"><value>You can write your reply here...</value></key><key name="write_permission_denied"><value>You do not have enough permissions to write  messages.</value></key><key name="write_reply"><value>Write a reply...</value></key><key name="years"><value>%d years</value></key><key name="you"><value>you</value></key></prefix>
