<?xml version="1.0" encoding="utf-8"?>
<prefix name="mailbox" label="Messages" language_tag="en" language_label="English">
	<key name="send_message_promoted"><value>Please subscribe or buy credists to send messages</value></key>
	<key name="reply_to_message_promoted"><value>Please subscribe or buy credists to reply to conversation</value></key>
	
	<key name="send_chat_message_promoted"><value>Please subscribe or buy credists to send chat message</value></key>
	<key name="reply_to_chat_message_promoted"><value>Please subscribe or buy credists to reply to chat message</value></key>
</prefix>
